0.010248923005837367,0.009757212276603805,0.009548209776201827,0.004871597138269783,0.007587861565335002,0.008564690181697608,0.008416664443022373,0.008192602760469481,0.00921042974525495,0.008485343687641329,0.010521064207988718,0.010313710149238285,0.011860517321615286,0.011187347881009693,0.01384577324107997,0.013511043809884053,0.016393369322467957,0.02143177178633387,0.06631398680502326,0.3190166186306437,0.3739914975729433,0.056152212327917714,0.007893849327398035,0.0016094153623374917,2.5860951927613754E-5,NaN,1.0922208594622042E-5,NaN,1.1024706528844989E-4,NaN,2.2706168943929932E-4,2.769708146689301E-4
0.011075000248913976,0.010050338763742372,0.004871043137818823,0.004856740264316958,0.00883228493300112,0.00579851409480159,0.008371479454893261,0.008714154276108556,0.009352367835977142,0.009386772809678442,0.010717503907503199,0.010298441688075179,0.01150324772091303,0.011764619496038409,0.013148171947324322,0.013747864399067049,0.016174066352316586,0.02101339396892249,0.06382200430621472,0.3173080232849643,0.37498792159044286,0.05719718378030771,0.014761712045881194,0.001253387429147354,2.274391776543831E-4,NaN,5.567822084924516E-4,1.1212699288599783E-4,1.11247155408189E-4,NaN,2.4122216884667143E-4,2.968755463402118E-4
0.01006754046994115,0.00549511321067065,0.00821360335971079,0.004873615946909628,0.00762179916160611,0.00887740030755845,0.008497157255252732,0.008840794704279172,0.009839425698734618,0.009038936397680341,0.010396708686939869,0.010491037911572564,0.011761428688104881,0.011661905189827895,0.013264914275409637,0.013809939667595934,0.015905080202805892,0.02097792287396693,0.06398690456095649,0.3108591650003965,0.3702687376093322,0.056622407553249245,0.014050441062728982,0.0014813569553076647,2.435549731551979E-4,NaN,5.712169542660166E-4,1.1336979147684148E-4,1.1632505618704949E-4,NaN,2.4523539079876076E-4,3.004604307093945E-4
0.005038717611088844,0.004213222630157158,0.007600519551182523,0.006642005704036556,0.007355409426194672,0.00874157166716631,0.008399160927821355,0.009164695327813303,0.009866746592700289,0.008819689355516013,0.009259437695953061,0.010146885822293386,0.01132510700730441,0.011403973260977397,0.013007367648098244,0.01333043977218538,0.015801564126086673,0.02095966791508761,0.0630434062779746,0.30868346832913984,0.36733137511308867,0.0456621306231561,0.013010215337674306,0.0012508300857288605,3.829660732802605E-5,NaN,1.4521062856310767E-5,NaN,1.5495035897375928E-6,NaN,2.2790300199596416E-4,2.63786264143745E-4
0.008203340734162814,0.004366272355677026,0.007793298569750671,0.006891727853513011,0.007844314339551623,0.008366402040877489,0.00927345751293186,0.00899266245132594,0.009662322532458807,0.00851317931516746,0.009607417124442491,0.010478269448971251,0.011039108884323077,0.011298038624947033,0.01223859520437533,0.013400926753119415,0.015538716699209773,0.020099868559450482,0.06547376780223309,0.31164059508838027,0.3598064915473386,0.059397399788879986,0.011767336812845851,0.001163807163910297,2.380665995079049E-4,NaN,5.730525322353315E-4,1.1341832023218096E-4,1.1162364631664595E-4,NaN,2.377089444328678E-4,2.874938426149132E-4
0.006225239926505868,0.006347420295330978,0.008423140489199801,0.007827784560882742,0.007787565461302346,0.008651051363915339,0.008420700898572197,0.008771216812696297,0.009672843227744274,0.009357826186599279,0.010378468218144468,0.01154032227245869,0.012024647368539206,0.011359362652094796,0.013062994611806268,0.013114600482155424,0.015385474252953661,0.021010678235323682,0.0641437179715545,0.3126817529037196,0.36262397381632594,0.04578435278076968,0.011789997230693934,0.0011210289548950689,2.2445808541389256E-4,NaN,5.435909609430026E-4,1.0580198556726303E-4,1.0326757471626656E-4,NaN,2.2223602070194274E-4,2.8113931220650947E-4
0.0083210932377843,0.0070492461533835475,0.007933491776314243,0.007019897182600101,0.008779357717827325,0.008272818967244447,0.009091961712839108,0.00879879952961145,0.009499779888242766,0.008590409038630148,0.009467512750919744,0.011420194489940375,0.010895833825133643,0.011460717463604544,0.01257140867019629,0.013280891997429317,0.015365191475837852,0.020378203993636382,0.06434248417760935,0.3059254460734311,0.3534917524566396,0.0316941479735021,0.011956290211782598,0.001138602498568731,2.4052629553073283E-5,NaN,NaN,8.732639039615222E-5,9.375452468533752E-5,NaN,5.311474969979545E-7,2.297507406858335E-4
0.008183810675188793,0.005346413444361459,0.008416361243351673,0.008187196811109255,0.008352358716158028,0.008802683426450918,0.008960007077467457,0.008342389484950342,0.009485959825733333,0.009105366272109361,0.009512439052608485,0.011311336694294152,0.010885324080371343,0.011030566345981074,0.012587189949716549,0.01280244399852543,0.015149033207679635,0.02059585258382742,0.06441253208780526,0.3119916262530421,0.3522916412034162,0.04075524506401408,0.011321490155998723,0.0010271731203941078,2.156761137740004E-4,NaN,5.284970462407886E-4,1.0402892773281464E-4,1.0339534030466666E-4,NaN,1.663648337185408E-4,2.647756043669051E-4
0.009402022068259705,0.008641667741929291,0.00851433209366188,0.008031650776575607,0.008187451036209523,0.008842539824742491,0.00880695653483723,0.00849254940831499,0.009412762051304922,0.008748297899465164,0.009328640468882442,0.01081477483987553,0.011278319040446468,0.01112092715377737,0.01204662170855259,0.012707544590351989,0.01509182554438884,0.020557696156597922,0.06473728105563048,0.30669292176939367,0.3442333816588828,0.04008070233298078,0.009587010731891225,8.933904347483585E-4,2.935145767363175E-5,NaN,2.5721411777218114E-5,4.704584677419967E-6,8.695305017408711E-5,NaN,9.400583914247005E-6,2.2125854799800987E-4
0.008421152327214661,0.008048481712149474,0.008360344029845545,0.007864661241741101,0.00775511782229964,0.009127514485265005,0.009475023687030333,0.008876319596780131,0.009358861496062087,0.008973712636348777,0.009264480174624591,0.01012128091296114,0.01125070203955994,0.011366527163444861,0.012329099949213955,0.012566460350268309,0.014780275699910543,0.020238018814274512,0.06613694628877435,0.3077986051138762,0.34359161189275594,0.040460323903356514,0.010129921612962625,8.562574996395734E-4,NaN,NaN,2.1377973067715575E-5,2.5515494521331357E-6,2.7942700915681564E-6,NaN,5.449161939653458E-6,2.227594464665903E-4
0.009462351871137746,0.008439225454493817,0.008845948989837888,0.008036248388538619,0.008087156004869702,0.009347311526528148,0.009418391022830704,0.008594810304726414,0.009246221853039088,0.008571912473680107,0.009051676354457696,0.010230654499374452,0.010945779153928617,0.010918719433387554,0.011900510378918075,0.012257116147716718,0.01450545035832505,0.019712305290189844,0.07242670677079005,0.3079342617238791,0.3358315977946238,0.041141093748643304,0.009582140308628629,7.484753343931552E-4,2.082912566542541E-4,NaN,1.244311269398194E-5,9.211428329557006E-5,9.571093414327788E-5,NaN,1.8976782759034478E-4,2.410963843932762E-4
0.00881124187776177,0.008365343741662435,0.008381633416493157,0.007514581881598772,0.008128791496193308,0.00951343680306897,0.009479424932127353,0.009326758583495775,0.009771781517034695,0.008738617141514115,0.009399620287396679,0.010450070919894253,0.01107162179430125,0.011217788696069783,0.011924089771724688,0.012354420415385517,0.01453604123308041,0.020487828714373928,0.06501531417504644,0.30643751131061625,0.3388500372863943,0.04368070871470227,0.00981921806157708,7.877568270183176E-4,3.7849360410923467E-5,NaN,3.356946416813043E-5,9.845196840191008E-5,7.802014506303991E-5,NaN,2.046714490358691E-4,2.5573544470086114E-4
0.009129276145822547,0.00787090972318683,0.008587707048960724,0.007934866462339625,0.007918056778446106,0.00909602865303761,0.008671728385478516,0.008411498504552598,0.009551104885732244,0.008787138625973459,0.009059193247034098,0.010196746253304122,0.010784076312108207,0.010824205866002058,0.01198764376402134,0.01231323815249217,0.014670564334907439,0.019843930877417718,0.06050268322636074,0.3018479797142549,0.2432594944371509,0.04467207097451039,0.008865337702453853,7.873807797331973E-4,3.784721599489925E-5,NaN,4.4564594690082825E-5,9.222046578408973E-5,5.637805317203374E-6,NaN,1.9307849679925187E-4,2.3130932373215978E-4
0.009021766677199856,0.007782448373076974,0.008298770087180713,0.007653544781521841,0.007813044050703082,0.008690436861010009,0.008616897628008737,0.008488545914338178,0.009609804653662691,0.008584000941000348,0.00919640153463359,0.009988841422640794,0.010887975858572188,0.011013570769326313,0.01210415163254052,0.012186462694282725,0.014482244575797425,0.01986062153429821,0.060920754962082005,0.3068700217934893,0.2446271573551171,0.04532869786815069,0.00905605417171849,8.168196244385078E-4,3.6158369825740265E-5,NaN,4.618545290775269E-5,9.66548873076929E-5,1.0253320972339521E-4,NaN,2.0283553289375864E-4,2.5698903611004307E-4
0.008880037880512776,0.007775142859187292,0.008180363679030658,0.007589230580082326,0.007957993435733094,0.008645266426333665,0.00879263095265349,0.008495654596076757,0.009379455731026567,0.008343392427775976,0.009045611116282272,0.009836638594799935,0.010388726914815648,0.010774623697155995,0.011644084098447208,0.012086643326463791,0.014423089816915454,0.019527826485074354,0.05811393731607155,0.301100461366594,0.25751743929958903,0.04573837076891836,0.00859412317359205,8.121509462201853E-4,NaN,NaN,4.4870310377422015E-5,8.817451242976926E-5,9.545836170011694E-5,NaN,1.854835081259202E-4,2.3340176972883096E-4
0.008446695799662287,0.007580956086905394,0.008005959151824373,0.007436616461776529,0.0076847990152255135,0.008310053968073104,0.008472307603808245,0.008407446722764942,0.00903101276974452,0.008429164898079348,0.009404710476005374,0.009684667769109897,0.010456497631405699,0.010683104165209234,0.01186682959628329,0.013030077037562884,0.014392807186944887,0.019587374806771113,0.059266718779839446,0.2991125751972249,0.25824098853520444,0.04588498211448403,0.008753530250832696,6.202425184978266E-4,4.494850979774716E-5,NaN,5.264413867162623E-5,1.0255757007491257E-4,1.0695412724015023E-4,NaN,2.1242336047315016E-4,2.6821221356105907E-4
0.008447044300878136,0.0073853298775605584,0.007884876375149626,0.007297390831248216,0.007605952108850112,0.008223782993087611,0.008149223462767195,0.00807229370140737,0.008808189022497704,0.008378560765507833,0.008785227796271377,0.009612055129136229,0.010416730947165642,0.010465977897158335,0.011682349812398457,0.012026621271006913,0.014138247680975165,0.019593856458766976,0.05824454640194069,0.3025701647054716,0.264166637716595,0.0466288369689731,0.00856155166211963,8.232903211479432E-4,3.9996844768986366E-5,NaN,4.588796179782853E-4,9.76105192988386E-5,1.0438196290747937E-4,NaN,1.9700213622288477E-4,2.4251764119854438E-4
0.008588546656097127,0.007768170654991855,0.008107689708794674,0.007393059074849135,0.007671485098399752,0.008384158417379653,0.008406397085346394,0.008220307990194983,0.009029049122980784,0.008465927005798252,0.009035630184442152,0.009730191554914388,0.010525486506197605,0.010610796536981545,0.011960463083753243,0.012089279439863456,0.014467520252004163,0.01950521137917159,0.060278630377242744,0.29815126851540136,0.25939009773496763,0.047082326825883494,0.009052314470293968,7.831457052693597E-4,5.20537554100602E-5,NaN,5.7156788687841685E-5,9.967839228545698E-5,1.0400911988726966E-5,NaN,2.0894181918143685E-4,2.598969278220609E-4
0.009286292959715272,0.00791277142690157,0.008642027354402235,0.008026966020867842,0.008999503281282314,0.009163177670571438,0.009741012993750527,0.009091336432190598,0.006689814556923963,0.006409702457996096,0.006870638386945795,0.007827450284752539,0.0084183276258819,0.008705787917567773,0.009563942311569054,0.010075151768011863,0.012124614051563247,0.016745945889345804,0.06372521031247236,0.2782979776985245,0.296272261780347,0.040381702259411054,0.005904025872410549,4.7297080363907333E-4,3.246722802321091E-5,NaN,4.672751276868346E-5,1.0055389406665868E-5,8.918526072761291E-6,NaN,1.7667277856543218E-4,2.3299914567015276E-4
0.009329080949079156,0.008098714321366897,0.008745714886434865,0.007896666231538816,0.00982388371218164,0.00907028545333523,0.010536579341912064,0.00930678115645084,0.01144826193384231,0.0133427314303726,0.009891601452298006,0.012943138952312428,0.013819431879107266,0.011587210526891491,0.016131387078083606,0.017053051208294957,0.025825368364170993,0.027488510286675386,0.06433205645985914,0.2688198025982557,0.26284583149692825,0.05188223020218781,0.08891722971649958,0.0014841475195106462,2.3049011309325465E-4,NaN,4.0119426089430465E-4,8.381338169917329E-5,8.621618187962834E-5,NaN,1.7929652119476274E-4,2.2086404249727293E-4
0.006910071424132181,0.006097193177729608,0.00663347899166973,0.006394898213395718,0.0067314000942683624,0.00724381211995296,0.007487197302707461,0.007367550698427851,0.008284949041463546,0.007722341825222016,0.008453712110199676,0.00906844539655805,0.009911337774638889,0.010128034031993015,0.008552131321038978,0.009084603260339922,0.01087759171372565,0.01462462482734312,0.06616650932065841,0.21998072567560648,0.3096378016605291,0.04543635286343224,0.11556485014028331,2.5807795550293464E-4,4.312324206524386E-5,NaN,8.387961954783418E-5,1.7073975348007208E-5,1.809564090125273E-5,NaN,3.4492966741204987E-5,1.3022646365515197E-4
0.008031903911289691,0.007072727725414702,0.0076946484394554765,0.009328672791589974,0.011120780008754208,0.008094549142305573,0.005660977581066313,0.008084302616521299,0.006837542246044386,0.008252390963830585,0.007152950380404558,0.007792446098116744,0.009116844725506447,0.009408804085467716,0.010631549491869686,0.011039533243722593,0.013539706972734291,0.018200930654219988,0.07086699512065173,0.2472697925159962,0.2837780849326207,0.04870846276659264,0.0667935046270206,5.644188313412026E-4,4.6497445238954984E-5,NaN,7.450605224644324E-5,1.3484100270343545E-5,1.4819993069610778E-5,NaN,3.2476057769243144E-5,2.6286323960196124E-5
0.0072396923442628325,0.013375008300149675,0.01630429376082055,0.0062120524166526195,0.007651660741088394,0.014320485434079057,0.008832728842117884,0.012649307213444353,0.012423355345236347,0.011376124484974453,0.011257230074044356,0.014022877975880829,0.01346432596081704,0.013171061624479062,0.014731637481354446,0.01491422268888768,0.01745941777977423,0.025150978831331373,0.07241542912748375,0.30063371393595867,0.1826045338920802,0.045648897967234085,0.008328025931957448,0.0018251702197829723,2.5205600324371553E-4,NaN,2.1415304892522502E-5,1.1967443891691878E-4,1.290705305333536E-4,NaN,2.4369787330701996E-4,2.7276091278290296E-4
0.007613095361283726,0.017577324684503584,0.016981212958303214,0.005298643146948311,0.00747541044131578,0.014386448512115813,0.01583820371151277,0.012455097085858508,0.013777453779596799,0.012425413096890115,0.012046610739172348,0.014206884445124546,0.015079544360194243,0.01339290022114461,0.014065151789607508,0.01624864989949293,0.01857362196347718,0.024293098262038102,0.07167129714740436,0.3023479752384815,0.1667275622211915,0.04524876599559881,0.01927185374565496,0.008645672851294396,2.6586660551309476E-4,NaN,2.9418883170757236E-4,3.191522518310737E-5,6.4671436436205E-5,NaN,1.0751384184346359E-4,1.3934019952336292E-4
0.004301962002801638,0.005702277791029823,0.005161107904049456,0.004913961577618775,0.004180397075350295,0.0037951717251473766,0.004955450750297614,0.00534186328518407,0.0061664190247920445,0.004714889638232157,0.005153075505183289,0.0083832114047503,0.008875417351480827,0.008749236312553938,NaN,0.010696308498259664,0.01246196536074992,0.01970309561185931,0.07811326285610425,0.30007578090011566,0.3067214986823866,0.04969788687290353,0.03152422039452777,0.0018954078332723565,8.349883150387868E-4,NaN,0.004433139632291306,5.106594086721734E-4,1.243565639996891E-6,NaN,9.364461173603708E-4,2.0684456439246534E-6
NaN,NaN,NaN,NaN,NaN,NaN,NaN,NaN,NaN,NaN,NaN,NaN,NaN,NaN,NaN,NaN,NaN,NaN,NaN,NaN,NaN,NaN,NaN,NaN,NaN,NaN,NaN,NaN,NaN,NaN,NaN,NaN
0.001343104372427848,0.0013802694337171771,NaN,0.0012938422120989514,NaN,0.0010787228826039795,NaN,0.002565734900728141,0.003982767081699945,0.002611913025333706,0.0013936625413638627,0.004957775673399925,0.006405608121487727,0.002557693821060394,0.007794612778269334,0.009558213737227919,0.010301748300006762,0.006722923793041734,0.035702910987866564,0.40057079608118884,0.36320284705584255,0.05605250925141037,0.0022868581364530382,0.002222992258251942,0.0033470606528457772,NaN,0.0017557118723188576,0.001583669690356392,9.573581255997575E-4,NaN,0.0017861818626138297,0.0014391539127760564
NaN,NaN,NaN,NaN,2.4250523945764006E-4,7.358126503569971E-4,2.614850338499339E-4,0.0011520175442163922,0.0036018810634725162,0.0017333690205389588,0.0038662863256694927,0.005234571744892175,0.006490142396541194,0.004834886390951223,0.007885643516884814,0.009900671715235943,0.010712157220253564,0.015393842960529147,0.03779511846645639,0.35590034174783686,0.3684530852787388,0.04282760130064825,NaN,0.0010835978835978838,0.0016867921497228844,NaN,0.006791296533639752,NaN,0.0013654984069185253,NaN,NaN,NaN
4.15030492053599E-4,1.815649914757859E-4,4.587774527753295E-4,7.049125360726699E-4,4.498580118490483E-4,0.0016563389639009548,0.001824736303206683,0.001615582234694425,0.0031041553218962075,0.0017724576687569939,0.00327294274981694,0.004292748386668246,0.0043334956977593864,0.006038912257318423,0.007607252744252131,0.00916695227039476,0.00877247919695738,0.010982834635092864,0.029249109504283638,0.1088126368729137,0.3763505840694444,0.05453855692089497,0.0122980122980123,NaN,4.611654236117503E-6,NaN,0.00445687523374105,0.0013285930445693763,NaN,NaN,0.0018898898898898904,NaN
NaN,NaN,NaN,NaN,NaN,NaN,NaN,NaN,NaN,NaN,NaN,NaN,NaN,NaN,NaN,NaN,NaN,NaN,NaN,NaN,NaN,NaN,NaN,NaN,NaN,NaN,NaN,NaN,NaN,NaN,NaN,NaN
NaN,NaN,NaN,0.001540872505627391,2.4654945285391896E-4,8.813335102721237E-4,2.0566504622613878E-4,0.0014019004060234813,0.0036346563020342153,0.001868036138429933,0.003965572112410966,0.005611273176723104,0.0070190691849796455,0.006150468290284802,0.00830789772183104,0.010412376680516498,0.011474296578104129,0.014988168571878383,0.036415952699264086,0.37692309502639354,0.5356059171797508,0.05433702725299814,NaN,7.224387843194688E-4,0.004425467393404601,NaN,0.004700389844091625,NaN,0.0010502515065491309,NaN,NaN,0.00292040304801179
3.29963170658187E-4,NaN,4.4719463244252065E-4,6.482752707390112E-4,2.6896502246595853E-4,7.674342367698162E-4,0.0018889330647909053,0.0018656650393978128,0.0029250493885212107,0.0014525850436843055,0.0030684295802992177,0.005388614746132586,0.005120108512420456,0.006446998725770007,0.007836582143809712,0.009541069050528001,0.008958656656261195,0.012749811944103542,0.03626362842287112,0.3682500499414127,0.5893670632493166,0.05094136627486055,0.0035970807796558775,0.001554001554001554,3.6564171277686373E-6,NaN,NaN,NaN,NaN,NaN,0.004957031612834196,NaN
